,address,city,zip,latitude,longitude,number,street,county,country,population_count,coordinance
0,7270 BROADWAY,DENVER,80221,39.828804999999996,-104.987024,7270,Broadway St,Adams County,US,1880.0,"(39.828804999999996, -104.987024)"
1,1645 E 17TH AVE,DENVER,80218,39.743477,-104.96756200000002,1645,E 17th Ave,Denver County,US,1540.0,"(39.743477, -104.96756200000002)"
2,567 E LOUISIANA,DENVER,80210,39.676626,-104.96231499999999,567,E Louisiana,Denver County,US,1975.581818181818,"(39.676626, -104.96231499999999)"
3,2641 S ESTES,LAKEWOOD,80227,39.668721999999995,-105.09553000000001,2641,S Estes St,Jefferson County,US,877.0,"(39.668721999999995, -105.09553000000001)"
4,1120 S PARKER RD,DENVER,80231,39.696117,-104.896244,1120,S Parker Rd,Arapahoe County,US,2012.0,"(39.696117, -104.896244)"
5,2609 FEDERAL BLVD,DENVER,80211,39.755055,-105.02537199999999,2609,Federal Blvd,Denver County,US,1115.0,"(39.755055, -105.02537199999999)"
6,9200 W ALAMEDA,LAKEWOOD,80226,39.710479,-105.10054299999999,9200,W Alameda Ave,Jefferson County,US,1449.0,"(39.710479, -105.10054299999999)"
7,10722 E ALAMEDA,AURORA,80012,39.710629,-104.863386,10722,E Alameda Ave,Arapahoe County,US,1801.0,"(39.710629, -104.863386)"
8,10010 E GIRARD,DENVER,80231,39.65441,-104.87173899999999,10010,E Girard Ave,Denver County,US,1379.0,"(39.65441, -104.87173899999999)"
9,16080 E COLFAX,AURORA,80011,39.739845,-104.801023,16080,E Colfax Ave,Arapahoe County,US,1754.0,"(39.739845, -104.801023)"
10,5010 KIPLING ST,WHEAT RIDGE,80033,39.788196,-105.10914199999999,5010,Kipling St,Jefferson County,US,918.0,"(39.788196, -105.10914199999999)"
11,3901 E 112TH AVE UNIT F,THORNTON,80233,39.899956,-104.94078300000001,3901,E 112th Ave,Adams County,US,941.0,"(39.899956, -104.94078300000001)"
12,511 AGATE AVE,GRANBY,80446,40.085132,-105.93379399999999,511,E Agate Ave,Grand County,US,1951.0,"(40.085132, -105.93379399999999)"
13,104 E 18TH ST,GREELEY,80631,40.409616,-104.677595,104,E 18th St,Weld County,US,1229.0,"(40.409616, -104.677595)"
14,3177 E COLFAX,DENVER,80206,39.740417,-104.95041,3177,E Colfax Ave,Denver County,US,1770.0,"(39.740417, -104.95041)"
15,235 W 7TH AVE,WALSENBURG,81089,37.621731,-104.78296999999999,235,W 7th St,Huerfano County,US,760.0,"(37.621731, -104.78296999999999)"
16,283 HWY 105,MONUMENT,80132,39.093391,-104.86460500000001,283,W Highway 105,El Paso County,US,4209.0,"(39.093391, -104.86460500000001)"
17,6515 S DAYTON,ENGLEWOOD,80111,39.598467,-104.87665700000001,6515,S Dayton St,Arapahoe County,US,1833.0,"(39.598467, -104.87665700000001)"
18,15553 E MISSISSIPPI AVE,AURORA,80017,39.697165000000005,-104.807012,15553,E Mississippi Ave,Arapahoe County,US,2168.0,"(39.697165000000005, -104.807012)"
19,5195 W BYRON PL,DENVER,80212,39.7533,-105.052879,5195,W Byron Pl,Denver County,US,1005.0,"(39.7533, -105.052879)"
20,4085 E MISSISSIPPI AVENUE,DENVER,80246,39.696828000000004,-104.939994,4085,E Mississippi Ave,Denver County,US,761.0,"(39.696828000000004, -104.939994)"
21,525 N UNION,COLORADO SPRINGS,80909,38.840685,-104.79389599999999,525,N Union Blvd,El Paso County,US,1527.0,"(38.840685, -104.79389599999999)"
22,1329 MAIN ST,CARBONDALE,81623,39.401404,-107.220368,1329,Main St,Garfield County,US,1110.0,"(39.401404, -107.220368)"
23,1240 E FILLMORE,COLORADO SPRINGS,80907,38.874334999999995,-104.803789,1240,E Fillmore St,El Paso County,US,671.0,"(38.874334999999995, -104.803789)"
24,1801 S NEVADA AVE,COLORADO SPRINGS,80905,38.807712,-104.82106,1801,S Nevada Ave,El Paso County,US,930.0,"(38.807712, -104.82106)"
25,1402 HARRISON RD,COLORADO SPRINGS,80905,38.796265000000005,-104.800985,1402,Harrison Rd,El Paso County,US,1263.0,"(38.796265000000005, -104.800985)"
26,1000 E COLFAX,DENVER,80218,39.739853000000004,-104.97509299999999,1000,E Colfax Ave,Denver County,US,1489.0,"(39.739853000000004, -104.97509299999999)"
27,8250 W COAL MINE AVE,LITTLETON,80123,39.594359000000004,-105.089248,8250,W Coal Mine Ave,Jefferson County,US,1715.0,"(39.594359000000004, -105.089248)"
28,995 N CIRCLE,COLORADO SPRINGS,80909,38.846812,-104.775444,995,N Circle Dr,El Paso County,US,2178.0,"(38.846812, -104.775444)"
29,510 SECURITY BLVD,COLORADO SPRINGS,80911,38.751883,-104.742253,510,Security Blvd,El Paso County,US,941.0,"(38.751883, -104.742253)"
30,580 JOSEPHINE,DENVER,80206,39.725502,-104.95846599999999,580,Josephine St,Denver County,US,1243.0,"(39.725502, -104.95846599999999)"
31,4708 WASHINGTON ST,DENVER,80216,39.785428,-104.978298,4708,Washington St,Denver County,US,1354.0,"(39.785428, -104.978298)"
32,201 W FILLMORE,COLORADO SPRINGS,80907,38.874516,-104.82583000000001,201,W Fillmore St,El Paso County,US,879.0,"(38.874516, -104.82583000000001)"
33,12057 PECOS ST,WESTMINSTER,80234,39.914975,-105.00658999999999,12057,Pecos St,Adams County,US,1196.0,"(39.914975, -105.00658999999999)"
34,1103 YOSEMITE,DENVER,80220,39.733062,-104.885026,1103,Yosemite St,Denver County,US,2744.0,"(39.733062, -104.885026)"
35,1426 N ACADEMY,COLORADO SPRINGS,80909,38.854075,-104.75778100000001,1426,N Academy Blvd,El Paso County,US,2521.0,"(38.854075, -104.75778100000001)"
36,13190 E MISSISSIPPI,AURORA,80012,39.699705,-104.837652,13190,E Mississippi Ave,Arapahoe County,US,2119.0857142857144,"(39.699705, -104.837652)"
37,5805 PALMER PARK BLVD,COLORADO SPRINGS,80915,38.856671,-104.719574,5805,Palmer Park Blvd,El Paso County,US,1346.0,"(38.856671, -104.719574)"
38,5595 S BROADWAY,LITTLETON,80121,39.615263,-104.988473,5595,S Broadway,Arapahoe County,US,701.0,"(39.615263, -104.988473)"
39,16601 E SMOKEY HILL RD,AURORA,80015,39.628012,-104.79562800000001,16601,E Smoky Hill Rd,Arapahoe County,US,1116.0,"(39.628012, -104.79562800000001)"
40,1850 S SHERIDAN,LAKEWOOD,80232,39.682459,-105.052549,1850,S Sheridan Blvd,Denver County,US,1752.0,"(39.682459, -105.052549)"
41,10410 MELODY DR,NORTHGLENN,80234,39.885812,-104.99279299999999,10410,Melody Dr,Adams County,US,937.0,"(39.885812, -104.99279299999999)"
42,623 W GARDEN OF GODS RD,COLORADO SPRINGS,80907,38.878612,-104.826451,623,W Garden of Gods Rd,El Paso County,US,2487.3777777777777,"(38.878612, -104.826451)"
43,1446 N 95TH,LAFAYETTE,80026,40.012207000000004,-105.130949,1446,N 95th St,Boulder County,US,2425.0,"(40.012207000000004, -105.130949)"
44,6025 CONSTITUTION AVE,COLORADO SPRINGS,80915,38.870523999999996,-104.715738,6025,Constitution Ave,El Paso County,US,1486.0,"(38.870523999999996, -104.715738)"
45,4500 PEORIA ST,DENVER,80239,39.777879999999996,-104.847031,4500,Peoria St,Denver County,US,0.0,"(39.777879999999996, -104.847031)"
46,16981 E LINCOLN AVE,PARKER,80134,39.534608,-104.791999,16981,E Lincoln Ave,Douglas County,US,1431.0,"(39.534608, -104.791999)"
47,14250 E ILIFF AVE,AURORA,80014,39.674237,-104.821916,14250,E Iliff Ave,Arapahoe County,US,1035.0,"(39.674237, -104.821916)"
48,6040 BARNES ROAD,COLORADO SPRINGS,80922,38.894273,-104.716273,6040,Barnes Rd,El Paso County,US,3856.0,"(38.894273, -104.716273)"
49,2434 BRIARGATE PKWY,COLORADO SPRINGS,80920,38.967252,-104.782527,2434,Briargate Pkwy,El Paso County,US,2577.0,"(38.967252, -104.782527)"
50,19390 E QUINCY AVE,AURORA,80015,39.638008,-104.761018,19390,E Quincy Ave,Arapahoe County,US,2127.0,"(39.638008, -104.761018)"
51,21405 E QUINCY AVE,AURORA,80015,39.639013,-104.737989,21405,E Quincy Ave,Arapahoe County,US,3986.0,"(39.639013, -104.737989)"
52,50 TELEP AVE,JOHNSTOWN,80534,40.335587,-104.924449,50,Telep Ave,Weld County,US,6938.0,"(40.335587, -104.924449)"
53,6150 E US HWY 34,JOHNSTOWN,80534,40.40679,-104.98843899999999,6150,E Highway 34,Larimer County,US,8880.0,"(40.40679, -104.98843899999999)"
54,3810 N FEDERAL BLVD,DENVER,80211,39.769585,-105.024892,3810,N Federal Blvd,Denver County,US,745.0,"(39.769585, -105.024892)"
55,1975 E COLFAX AVE,DENVER,80206,39.740284,-104.963824,1975,E Colfax Ave,Denver County,US,1940.0,"(39.740284, -104.963824)"
56,13697 E ILIFF AVE #1,AURORA,80014,39.675453999999995,-104.830945,13697,E Iliff Ave,Arapahoe County,US,1345.0,"(39.675453999999995, -104.830945)"
57,3099 W MINERAL AVE,LITTLETON,80120,39.580465000000004,-105.028517,3099,W Mineral Ave,Arapahoe County,US,2588.0,"(39.580465000000004, -105.028517)"
58,3992 HAVANA STREET,DENVER,80239,39.774443,-104.865591,3992,Havana St,Denver County,US,12959.0,"(39.774443, -104.865591)"
59,2825 BRIARGATE BLVD,COLORADO SPRINGS,80920,38.941337,-104.774443,2825,Briargate Blvd,El Paso County,US,1475.0,"(38.941337, -104.774443)"
60,7692 BARNES ROAD,COLORADO SPRINGS,80922,38.901333,-104.68545,7692,Barnes Rd,El Paso County,US,9723.0,"(38.901333, -104.68545)"
61,6630 S YOSEMITE ST,GREENWOOD VILLAGE,80111,39.596231,-104.888558,6630,S Yosemite St,Arapahoe County,US,408.0,"(39.596231, -104.888558)"
62,6400 E. CROSSROADS BLVD,LOVELAND,80538,40.436685,-104.981057,6400,Crossroads Blvd,Larimer County,US,8880.0,"(40.436685, -104.981057)"
63,1600 E EVANS AVENUE,DENVER,80210,39.678252,-104.96843700000001,1600,E Evans Ave,Denver County,US,1919.0,"(39.678252, -104.96843700000001)"
64,12060 E 120TH AVENUE,HENDERSON,80640,39.913584,-104.847226,12060,E 120th Ave,Adams County,US,6842.0,"(39.913584, -104.847226)"
65,8111 TOWER ROAD,COMMERCE CITY,80022,39.843817,-104.772079,8111,Tower Rd,Adams County,US,4720.0,"(39.843817, -104.772079)"
66,2650 NORTHGATE BLVD,COLORADO SPRINGS,80921,39.036584999999995,-104.778162,2660,Old North Gate Rd,El Paso County,US,2532.0,"(39.036584999999995, -104.778162)"
67,8090 MERIDIAN ROAD,PEYTON,80831,38.949582,-104.607877,8090,Meridian Rd,El Paso County,US,5478.0,"(38.949582, -104.607877)"
68,5601 E 136TH AVE,THORNTON,80602,39.94359,-104.92136399999998,5601,E 136th Ave,Adams County,US,8039.0,"(39.94359, -104.92136399999998)"
69,2880 S CIRCLE DR,COLORADO SPRINGS,80906,38.796682000000004,-104.794878,2880,S Circle Dr,El Paso County,US,420.0,"(38.796682000000004, -104.794878)"
70,3190 W 38TH AVENUE,DENVER,80211,39.769135,-105.02965800000001,3190,W 38th Ave,Denver County,US,562.0,"(39.769135, -105.02965800000001)"
71,12358 S PARKER RD,PARKER,80134,39.491890000000005,-104.758913,12358,S Parker Rd,Douglas County,US,1983.0,"(39.491890000000005, -104.758913)"
72,8820 COLORADO BLVD,THORNTON,80229,39.85638,-104.939447,8820,Colorado Blvd,Adams County,US,1724.0,"(39.85638, -104.939447)"
73,1810 MAIN STREET,SECURITY,80911,38.768545,-104.739731,1810,Main St,El Paso County,US,1956.0,"(38.768545, -104.739731)"
74,10815 W JEWELL AVE,DENVER,80232,39.682613,-105.119092,10815,W Jewell Ave,Jefferson County,US,1624.0,"(39.682613, -105.119092)"
75,7486 WESTGATE DRIVE,WINDSOR,80528,40.480031,-104.98775400000001,7486,Westgate Dr,Larimer County,US,8065.0,"(40.480031, -104.98775400000001)"
76,2299 S HAVANA STREET,AURORA,80014,39.675277,-104.866477,2299,S Havana St,Arapahoe County,US,1529.0,"(39.675277, -104.866477)"
77,6933 E 80TH AVE,COMMERCE CITY,80022,39.841863000000004,-104.905878,6933,E 80th Ave,Adams County,US,904.0,"(39.841863000000004, -104.905878)"
78,2601 S LEWIS WY,LAKEWOOD,80227,39.668826,-105.11236799999999,2601,S Lewis Way,Jefferson County,US,1769.0,"(39.668826, -105.11236799999999)"
79,400 E 104TH AVE,THORNTON,80233,39.884687,-104.98168500000001,400,E 104th Ave,Adams County,US,1107.0,"(39.884687, -104.98168500000001)"
80,"9660 E ALAMEDA AVE
STE 103",DENVER,80247,39.708207,-104.87682,9660,E Alameda Ave,Denver County,US,505.0,"(39.708207, -104.87682)"
81,311 W COLLEGE DR,DURANGO,81301,37.271967,-107.885101,311,W College Dr,La Plata County,US,1034.0,"(37.271967, -107.885101)"
82,10580 HURON ST,NORTHGLENN,80234,39.888529999999996,-104.99628,10580,Huron St,Adams County,US,937.0,"(39.888529999999996, -104.99628)"
83,2913 F ROAD #104,GRAND JUNCTION,81504,39.090584,-108.512957,2913,Patterson Rd,Mesa County,US,603.0,"(39.090584, -108.512957)"
84,623 GRAND AVE,PUEBLO,81003,38.273108,-104.611926,623,N Grand Ave,Pueblo County,US,1120.0,"(38.273108, -104.611926)"
85,723 S PUEBLO BLVD,PUEBLO,81005,38.253669,-104.662253,723,S Pueblo Blvd,Pueblo County,US,1076.0,"(38.253669, -104.662253)"
86,337 W 1ST STREET,SALIDA,81201,38.537587,-105.993582,337,W 1st St,Chaffee County,US,1078.0,"(38.537587, -105.993582)"
87,821 W TOMICHI AVE,GUNNISON,81230,38.544032,-106.93711299999998,821,W Tomichi Ave,Gunnison County,US,657.0,"(38.544032, -106.93711299999998)"
88,5050 BOARDWALK DR,COLORADO SPRINGS,80919,38.904626,-104.863768,5050,Boardwalk Dr,El Paso County,US,2010.0,"(38.904626, -104.863768)"
89,11614 W BELLEVIEW #A,LITTLETON,80127,39.623474,-105.12986000000001,11614,W Belleview Ave,Jefferson County,US,1760.0,"(39.623474, -105.12986000000001)"
90,2105 W COLORADO AVE,COLORADO SPRINGS,80904,38.843486,-104.857167,2105,W Colorado Ave,El Paso County,US,569.0,"(38.843486, -104.857167)"
91,"1370 S PARKER RD
UNIT B",DENVER,80231,39.692689,-104.89211499999999,1370,S Parker Rd,Arapahoe County,US,2012.0,"(39.692689, -104.89211499999999)"
92,913 COLORADO AVE,STRATTON,80836,39.296865999999994,-102.60485899999999,913,Colorado Ave,Kit Carson County,US,715.0,"(39.296865999999994, -102.60485899999999)"
93,922 N 1ST ST,GRAND JUNCTION,81501,39.07598,-108.570416,922,N 1st St,Mesa County,US,1130.0,"(39.07598, -108.570416)"
94,16920 E QUINCY AVE,AURORA,80015,39.638046,-104.789852,16920,E Quincy Ave,Arapahoe County,US,1415.0,"(39.638046, -104.789852)"
95,1789 W MISSISSIPPI AVE,DENVER,80223,39.697067,-105.008982,1789,W Mississippi Ave,Denver County,US,1016.0,"(39.697067, -105.008982)"
96,100 W BEAVER CREEK BLVD,AVON,81620,39.634932,-106.52401,100,W Beaver Creek Blvd,Eagle County,US,1965.0,"(39.634932, -106.52401)"
97,"16070 E DARTMOUTH AVE
STE 12",AURORA,80013,39.658968,-104.799399,16070,E Dartmouth Ave,Arapahoe County,US,1598.0,"(39.658968, -104.799399)"
98,931 S KIPLING PKWY,LAKEWOOD,80226,39.700028,-105.110557,931,S Kipling Pkwy,Jefferson County,US,1011.0,"(39.700028, -105.110557)"
99,"5587 N US HIGHWAY 85
UNIT 213",SEDALIA,80135,39.438385,-104.960601,5587,N US Highway 85,Douglas County,US,4120.0,"(39.438385, -104.960601)"
100,233 E BENNETT AVE,CRIPPLE CREEK,80813,38.746919,-105.177393,233,E Bennett Ave,Teller County,US,1279.0,"(38.746919, -105.177393)"
101,3026 F ROAD,GRAND JUNCTION,81504,39.092102000000004,-108.49162199999999,3026,Patterson Rd,Mesa County,US,2072.0,"(39.092102000000004, -108.49162199999999)"
102,68947 US HWY 85,CARR,80612,40.999575,-104.77626500000001,68947,Hwy 85,Weld County,US,2073.0,"(40.999575, -104.77626500000001)"
103,5198 S LOWELL BLVD,LITTLETON,80123,39.622091,-105.034646,5198,S Lowell Blvd,Arapahoe County,US,607.0,"(39.622091, -105.034646)"
104,3204 W CR 54G,LAPORTE,80535,40.626998,-105.135892,3204,W County Rd 54G,Larimer County,US,672.0,"(40.626998, -105.135892)"
105,15015 E HINSDALE DRIVE,CENTENNIAL,80112,39.583079999999995,-104.81314,15035,E Hinsdale Dr,Arapahoe County,US,1121.0,"(39.583079999999995, -104.81314)"
106,21 WELD CO RD 27,BRIGHTON,80603,40.001401,-104.81647099999999,21,County Rd 27,Weld County,US,1361.0,"(40.001401, -104.81647099999999)"
107,6185 BROADWAY W 62ND AVE,DENVER,80216,39.808585,-104.98812099999999,6185,Broadway St,Adams County,US,1203.0,"(39.808585, -104.98812099999999)"
108,1200 MADISON STREET,DENVER,80206,39.734959,-104.946176,1200,Madison St,Denver County,US,1786.0,"(39.734959, -104.946176)"
109,210 SE INDEPENDENCE AVE,CEDAREDGE,81413,38.891708,-107.92719699999999,210,SE Independence Ave,Delta County,US,1169.0,"(38.891708, -107.92719699999999)"
110,437 32 ROAD,CLIFTON,81520,39.070357,-108.436844,451,Red River Loop,Mesa County,US,2463.0,"(39.070357, -108.436844)"
111,3199 MESA AVE,GRAND JUNCTION,81504,39.082153999999996,-108.46002,3199,Mesa Ave,Mesa County,US,1333.0,"(39.082153999999996, -108.46002)"
112,5103 CHAMBERS RD,DENVER,80239,39.790578000000004,-104.809753,5103,Chambers Rd,Denver County,US,2809.0,"(39.790578000000004, -104.809753)"
113,6135 N CAREFREE CIRCLE,COLORADO SPRINGS,80922,38.885346999999996,-104.712241,6135,N Carefree Cir,El Paso County,US,2273.0,"(38.885346999999996, -104.712241)"
114,6560 S ACADEMY BLVD,COLORADO SPRINGS,80906,38.767444,-104.816535,6560,S Academy Blvd,El Paso County,US,2867.0,"(38.767444, -104.816535)"
115,12051 N HURON ST,WESTMINSTER,80234,39.915487,-104.99743600000001,12051,Huron St,Adams County,US,1196.0,"(39.915487, -104.99743600000001)"
116,23 W WOLFENSBERGER,CASTLE ROCK,80109,39.379177,-104.879875,23,W Wolfensberger Rd,Douglas County,US,2252.0,"(39.379177, -104.879875)"
117,3600 W 38TH AVE,DENVER,80211,39.769284999999996,-105.034976,3600,W 38th Ave,Denver County,US,857.0,"(39.769284999999996, -105.034976)"
118,7550 S UNIVERSITY BLVD,LITTLETON,80122,39.579704,-104.959901,7550,S University Blvd,Arapahoe County,US,1121.0,"(39.579704, -104.959901)"
119,2290 S HAVANA ST,AURORA,80014,39.675118,-104.86555,2290,S Havana St,Arapahoe County,US,701.0,"(39.675118, -104.86555)"
120,595 SUMMIT BLVD,BROOMFIELD,80021,39.928169,-105.137722,595,Summit Blvd,Broomfield County,US,2940.0,"(39.928169, -105.137722)"
121,2500 W EISENHOWER,LOVELAND,80537,40.406853999999996,-105.11078700000002,2500,W Eisenhower Blvd,Larimer County,US,1630.0,"(40.406853999999996, -105.11078700000002)"
122,4498 SHERIDAN BLVD,DENVER,80212,39.778383000000005,-105.05309199999999,4498,Sheridan Blvd,Denver County,US,854.0,"(39.778383000000005, -105.05309199999999)"
123,94 W WOLFENSBERGER RD,CASTLE ROCK,80109,39.37891,-104.87987,94,W Wolfensberger Rd,Douglas County,US,1135.0,"(39.37891, -104.87987)"
124,5600 E 64TH AVE,COMMERCE CITY,80022,39.81261,-104.92191299999999,5600,E 64th Ave,Adams County,US,1440.0,"(39.81261, -104.92191299999999)"
125,4825 GALLY RD,COLORADO SPRINGS,80915,38.846626,-104.7382,4825,Galley Rd,El Paso County,US,1243.0,"(38.846626, -104.7382)"
126,11195 HURON ST,NORTHGLENN,80234,39.899367,-104.997146,11195,Huron St,Adams County,US,684.0,"(39.899367, -104.997146)"
127,13185 S PARKER ROAD,PARKER,80134,39.476287,-104.75914399999999,13185,S Parker Rd,Douglas County,US,1890.0,"(39.476287, -104.75914399999999)"
128,14705 E ARAPAHOE RD,AURORA,80016,39.595723,-104.81760600000001,14705,E Arapahoe Rd,Arapahoe County,US,2446.0,"(39.595723, -104.81760600000001)"
129,895 W 136TH AVENUE,BROOMFIELD,80023,39.943647999999996,-104.999684,895,W 136th Ave,Broomfield County,US,2297.0,"(39.943647999999996, -104.999684)"
130,301 E 120TH AVE,THORNTON,80233,39.914559999999994,-104.984452,301,E 120th Ave,Adams County,US,1937.0,"(39.914559999999994, -104.984452)"
131,4797 S WADSWORTH BLVD,LITTLETON,80123,39.631671999999995,-105.081943,4797,S Wadsworth Blvd,Denver County,US,1142.0,"(39.631671999999995, -105.081943)"
132,575 S HOVER STREET,LONGMONT,80501,40.153984,-105.131289,575,S Hover St,Boulder County,US,639.0,"(40.153984, -105.131289)"
133,34 CENTENNIAL BLVD,HIGHLANDS RANCH,80129,39.561926,-104.987352,34,Centennial Blvd,Douglas County,US,1169.0,"(39.561926, -104.987352)"
134,18565 SMOKY HILL RD,CENTENNIAL,80015,39.618307,-104.770882,18565,E Smoky Hill Rd,Arapahoe County,US,1332.0,"(39.618307, -104.770882)"
135,9180 W 88TH AVE,WESTMINSTER,80005,39.855962,-105.100242,9180,W 88th Ave,Jefferson County,US,2187.0,"(39.855962, -105.100242)"
136,5390 W 112TH AVE,WESTMINSTER,80020,39.899356,-105.054432,5390,W 112th Ave,Jefferson County,US,1110.0,"(39.899356, -105.054432)"
137,9945 S OSWEGO ST,PARKER,80134,39.535659,-104.8524,9945,S Oswego St,Douglas County,US,4240.0,"(39.535659, -104.8524)"
138,6220 S GUN CLUB ROAD,AURORA,80016,39.602746,-104.716256,6220,S Gun Club Rd,Arapahoe County,US,6582.0,"(39.602746, -104.716256)"
139,1110 S BUCKLEY RD,AURORA,80017,39.696196,-104.78918,1110,S Buckley Rd,Arapahoe County,US,2124.0,"(39.696196, -104.78918)"
140,5601 N QUEBEC STREET,COMMERCE CITY,80022,39.798984000000004,-104.90406599999999,5601,Quebec St,Adams County,US,1290.0,"(39.798984000000004, -104.90406599999999)"
141,1001 N BROADWAY,DENVER,80203,39.732328,-104.98801999999999,1001,N Broadway,Denver County,US,2202.0,"(39.732328, -104.98801999999999)"
142,8263 S QUEBEC,ENGLEWOOD,80112,39.566441,-104.90583899999999,8263,S Quebec St,Arapahoe County,US,2030.0,"(39.566441, -104.90583899999999)"
143,2119 GRAND AVE,GLENWOOD SPRINGS,81601,39.530587,-107.32572900000001,2119,Grand Ave,Garfield County,US,828.0,"(39.530587, -107.32572900000001)"
144,1599 W LITTLETON BLVD,LITTLETON,80120,39.613584,-105.00638799999999,1599,W Littleton Blvd,Arapahoe County,US,1391.0,"(39.613584, -105.00638799999999)"
145,2770 HWY 50 SOUTH,GRAND JUNCTION,81503,39.03974,-108.53996000000001,2770,Hwy 50,Mesa County,US,1132.0,"(39.03974, -108.53996000000001)"
146,128 S TOWNSEND,MONTROSE,81401,38.476816,-107.87758500000001,128,S Townsend Ave,Montrose County,US,572.0,"(38.476816, -107.87758500000001)"
147,508 E MAIN,CORTEZ,81321,37.349236,-108.578129,508,E Main St,Montezuma County,US,1132.0,"(37.349236, -108.578129)"
148,135 S PLUM STREET,FRUITA,81521,39.157752,-108.73522700000001,135,S Plum St,Mesa County,US,814.0,"(39.157752, -108.73522700000001)"
149,1825 CENTRAL PARK DR,STEAMBOAT SPRINGS,80487,40.462229,-106.82015700000001,1825,Central Park Dr,Routt County,US,1600.0,"(40.462229, -106.82015700000001)"
150,505 W VICTORY,CRAIG,81625,40.514677,-107.55373700000001,505,Victory Way W,Moffat County,US,534.0,"(40.514677, -107.55373700000001)"
151,1703 FREMONT,CANON CITY,81212,38.448545,-105.223932,1703,Fremont Dr,Fremont County,US,892.0,"(38.448545, -105.223932)"
152,880 N MAIN,GUNNISON,81230,38.553236,-106.925542,880,N Main St,Gunnison County,US,1815.0,"(38.553236, -106.925542)"
153,3130 MAIN AVE,DURANGO,81301,37.299903,-107.870101,3130,Main Ave,La Plata County,US,1238.0,"(37.299903, -107.870101)"
154,569 32 RD,GRAND JUNCTION,81504,39.085794,-108.45966100000001,569,32nd Rd,Mesa County,US,1333.0,"(39.085794, -108.45966100000001)"
155,103 MARKET ST,EAGLE,81631,39.662678,-106.826057,103,Market St,Eagle County,US,882.0,"(39.662678, -106.826057)"
156,1051 HWY 133,CARBONDALE,81623,39.400532,-107.21946399999999,1051,State Hwy 133,Garfield County,US,1110.0,"(39.400532, -107.21946399999999)"
157,438 S HWY 24,BUENA VISTA,81211,38.845617,-106.13480700000001,438,US Hwy 24,Chaffee County,US,1245.0,"(38.845617, -106.13480700000001)"
158,16400 S TOWNSEND,MONTROSE,81401,38.453076,-107.86485,16400,S Townsend Ave,Montrose County,US,1207.0,"(38.453076, -107.86485)"
159,850 CASTLE VALLEY BLVD,NEW CASTLE,81647,39.568443,-107.51401000000001,850,Castle Valley Blvd,Garfield County,US,2988.0,"(39.568443, -107.51401000000001)"
160,2600 N 12TH ST,GRAND JUNCTION,81501,39.090915,-108.55197700000001,2600,N 12th St,Mesa County,US,3014.0,"(39.090915, -108.55197700000001)"
161,200 COUNTRY CENTER DRIVE,PAGOSA SPGS,81147,37.256453,-107.074804,230,Country Center Dr,Archuleta County,US,2352.0,"(37.256453, -107.074804)"
162,1001 THOMPSON RD,GRANBY,80446,40.062712,-105.928894,1001,Thompson Rd,Grand County,US,2073.0,"(40.062712, -105.928894)"
163,4001 N COLORADO BLVD,DENVER,80216,39.773233000000005,-104.941249,4001,N Colorado Blvd,Denver County,US,864.0,"(39.773233000000005, -104.941249)"
164,2636 US HIGHWAY 24,FLORISSANT,80816,38.945549,-105.29203899999999,2636,W US 24,Teller County,US,1426.0,"(38.945549, -105.29203899999999)"
165,3142 EVERGREEN PKWY,EVERGREEN,80439,39.658713,-105.350632,3142,Evergreen Pkwy,Jefferson County,US,1223.0,"(39.658713, -105.350632)"
166,597 MAIN ST,WALDEN,80480,40.728615000000005,-106.28196000000001,597,Main St,Jackson County,US,638.0,"(40.728615000000005, -106.28196000000001)"
167,1135 E SOUTH BOULDER RD,LOUISVILLE,80027,39.987296,-105.129186,1135,E South Boulder Rd,Boulder County,US,3862.0,"(39.987296, -105.129186)"
168,501 RAILROAD ST,GILCREST,80623,40.28102,-104.77922099999999,501,Railroad St,Weld County,US,1377.0,"(40.28102, -104.77922099999999)"
169,6079 QUEBEC ST,COMMERCE CITY,80022,39.807173999999996,-104.904051,6079,Quebec St,Adams County,US,2643.0,"(39.807173999999996, -104.904051)"
170,4000 E 100TH AVE,THORNTON,80229,39.876951,-104.939751,4000,E 100th Ave,Adams County,US,3092.0,"(39.876951, -104.939751)"
171,17881 W COLFAX AVE,GOLDEN,80401,39.720464,-105.201507,17881,W Colfax Ave,Jefferson County,US,1036.0,"(39.720464, -105.201507)"
172,1805 S FOOTHILLS HIGHWAY,BOULDER,80303,39.953841,-105.23279199999999,1805,S Foothills Hwy,Boulder County,US,902.0,"(39.953841, -105.23279199999999)"
173,19001 HWY 82,CARBONDALE,81623,39.394420000000004,-107.090455,19001,Hwy 82,Eagle County,US,2041.0,"(39.394420000000004, -107.090455)"
174,201 ELM ST,STERLING,80751,40.629181,-103.203455,201,Elm St,Logan County,US,1335.0,"(40.629181, -103.203455)"
175,906 PETERSON RD,COLORADO SPRINGS,80915,38.845357,-104.701061,906,Peterson Rd,El Paso County,US,1713.0,"(38.845357, -104.701061)"
176,2651 E 120TH AVE,THORNTON,80233,39.914091,-104.95823600000001,2651,E 120th Ave,Adams County,US,3270.0,"(39.914091, -104.95823600000001)"
177,701 N UNION BLVD,COLORADO SPRINGS,80909,38.842575,-104.793914,701,N Union Blvd,El Paso County,US,947.0,"(38.842575, -104.793914)"
178,6504 E ALAMEDA AVENUE,DENVER,80224,39.710941,-104.912508,6504,E Alameda Ave,Denver County,US,813.0,"(39.710941, -104.912508)"
179,7960 NIWOT RD #A1,LONGMONT,80503,40.101479,-105.16681299999999,7960,Niwot Rd,Boulder County,US,2740.0,"(40.101479, -105.16681299999999)"
180,15303 E QUINCY AVE,AURORA,80015,39.638845,-104.80951800000001,15303,E Quincy Ave,Arapahoe County,US,1477.0,"(39.638845, -104.80951800000001)"
181,1004 US HWY 287,BROOMFIELD,80020,39.929091,-105.090405,1004,US Highway 287,Broomfield County,US,1164.0,"(39.929091, -105.090405)"
182,5595 E FLORIDA AVE,DENVER,80222,39.689587,-104.922743,5595,E Florida Ave,Denver County,US,707.0,"(39.689587, -104.922743)"
183,2438 PATTERSON ROAD,GRAND JUNCTION,81505,39.094609000000005,-108.59970200000001,2438,Patterson Rd,Mesa County,US,3061.0,"(39.094609000000005, -108.59970200000001)"
184,3768 HWY 52,FREDERICK,80516,40.086819,-104.983483,3768,52 Hwy,Weld County,US,1725.0,"(40.086819, -104.983483)"
185,124 W BRONTOSAURUS BLVD,DINOSAUR,81610,40.245627,-109.00858500000001,124,Brontosaurus Blvd,Moffat County,US,578.0,"(40.245627, -109.00858500000001)"
186,18680 E ILIFF AVE #D,AURORA,80013,39.676662,-104.77051999999999,18680,E Iliff Ave,Arapahoe County,US,2628.0,"(39.676662, -104.77051999999999)"
187,1000 S WADSWORTH BLVD #C,LAKEWOOD,80226,39.698133,-105.08078300000001,1000,S Wadsworth Blvd,Jefferson County,US,748.0,"(39.698133, -105.08078300000001)"
188,180 S ELM,EATON,80615,40.522795,-104.713302,180,S Elm Ave,Weld County,US,3596.0,"(40.522795, -104.713302)"
189,301 S SANTA FE AVE,FOUNTAIN,80817,38.680493,-104.704773,301,S Santa Fe Ave,El Paso County,US,1689.0,"(38.680493, -104.704773)"
190,6291 W 58TH AVE,ARVADA,80002,39.802372,-105.06863999999999,6291,W 58th Ave,Jefferson County,US,1382.0,"(39.802372, -105.06863999999999)"
191,24501 N ELBERT ROAD,ELBERT,80106,39.22251,-104.536435,24501,N Elbert Rd,Elbert County,US,2078.0,"(39.22251, -104.536435)"
192,1009 W LITTLETON BLVD,LITTLETON,80120,39.613486,-104.999496,1009,W Littleton Blvd,Arapahoe County,US,1391.0,"(39.613486, -104.999496)"
193,1518 E MAIN STREET,MONTROSE,81401,38.487193,-107.86449099999999,1518,E Main St,Montrose County,US,2887.0,"(38.487193, -107.86449099999999)"
194,2801 E MAIN ST,CANON CITY,81212,38.446933,-105.206359,2801,E Main St,Fremont County,US,1536.0,"(38.446933, -105.206359)"
195,303 US HWY 6 & 50,FRUITA,81521,39.155557,-108.731021,303,Hwy 6 And 50,Mesa County,US,814.0,"(39.155557, -108.731021)"
196,928 JERSEY ST,DENVER,80220,39.730825,-104.919307,928,Jersey St,Denver County,US,1806.0,"(39.730825, -104.919307)"
197,1833 PETERSON RD,COLORADO SPRINGS,80915,38.858416999999996,-104.700428,1833,Peterson Rd,El Paso County,US,1746.0,"(38.858416999999996, -104.700428)"
198,2495 N 9TH ST,CANON CITY,81212,38.462509000000004,-105.239099,2495,N 9th St,Fremont County,US,1821.0,"(38.462509000000004, -105.239099)"
199,222 CEDAR ST,JULESBURG,80737,40.988285,-102.263172,222,Cedar St,Sedgwick County,US,579.0,"(40.988285, -102.263172)"
200,11531 W KEN CARYL AVE,LITTLETON,80127,39.581363,-105.126488,11531,W Ken Caryl Ave,Jefferson County,US,1870.0,"(39.581363, -105.126488)"
201,3996 E EVANS,DENVER,80210,39.677890000000005,-104.941236,3996,E Evans Ave,Denver County,US,1170.0,"(39.677890000000005, -104.941236)"
202,6350 SHERIDAN BLVD,ARVADA,80003,39.810314,-105.051905,6350,Sheridan Blvd,Adams County,US,1900.0,"(39.810314, -105.051905)"
203,1355 KRAMERIA,DENVER,80220,39.737627,-104.916307,1355,Krameria St,Denver County,US,1855.0,"(39.737627, -104.916307)"
204,1750 W UINTAH,COLORADO SPRINGS,80904,38.848095,-104.847236,1750,W Uintah St,El Paso County,US,1235.0,"(38.848095, -104.847236)"
205,2205 W WILDCAT RESERVE PKWY,LITTLETON,80129,39.536592999999996,-105.01365700000001,2205,W Wildcat Reserve Pkwy,Douglas County,US,2690.0,"(39.536592999999996, -105.01365700000001)"
206,15250 E MISSISSIPPI AVE,AURORA,80012,39.695119,-104.810928,15250,E Mississippi Ave,Arapahoe County,US,1937.0,"(39.695119, -104.810928)"
207,4910 S YOSEMITE STREET,GREENWOOD VILLAGE,80111,39.626094,-104.88409899999999,4910,S Yosemite St,Arapahoe County,US,2994.0,"(39.626094, -104.88409899999999)"
208,13700 COLORADO BLVD,THORNTON,80602,39.944641,-104.938046,13700,Colorado Blvd,Adams County,US,1787.0,"(39.944641, -104.938046)"
209,1611 PACE ST,LONGMONT,80504,40.186569,-105.075907,1611,Pace St,Boulder County,US,1651.0,"(40.186569, -105.075907)"
210,6110 FIRESTONE BLVD,LONGMONT,80504,40.159273999999996,-104.939624,6110,Firestone Blvd,Weld County,US,2095.0,"(40.159273999999996, -104.939624)"
211,25701 E SMOKY HILL RD,AURORA,80016,39.587615,-104.687208,25701,E Smoky Hill Rd,Arapahoe County,US,6582.0,"(39.587615, -104.687208)"
212,5050 S FEDERAL BLVD,ENGLEWOOD,80110,39.625902,-105.02478700000002,5050,S Federal Blvd,Arapahoe County,US,1186.0,"(39.625902, -105.02478700000002)"
213,2100 35TH AVE,GREELEY,80634,40.404793,-104.733327,2100,35th Ave,Weld County,US,1157.0,"(40.404793, -104.733327)"
214,1045 1ST STREET,BENNETT,80102,39.742836,-104.43536999999999,1045,S 1st St,Adams County,US,2005.0,"(39.742836, -104.43536999999999)"
215,2355 W 136TH AVE,BROOMFIELD,80023,39.944633,-105.014316,2355,W 136th Ave,Broomfield County,US,2297.0,"(39.944633, -105.014316)"
216,9255 N UNION BLVD,COLORADO SPRINGS,80920,38.965458,-104.756204,9255,N Union Blvd,El Paso County,US,2534.0,"(38.965458, -104.756204)"
217,3050 W NORTHERN AVE,PUEBLO,81005,38.242784,-104.64590600000001,3050,W Northern Ave,Pueblo County,US,2070.0,"(38.242784, -104.64590600000001)"
218,8055 SHERIDAN BLVD,ARVADA,80003,39.843399,-105.056022,8055,Sheridan Blvd,Jefferson County,US,1608.0,"(39.843399, -105.056022)"
219,7901 S BROADWAY,LITTLETON,80122,39.572679,-104.990276,7901,S Broadway,Arapahoe County,US,1102.0,"(39.572679, -104.990276)"
220,17761 COTTONWOOD DR,PARKER,80134,39.560249,-104.78289000000001,17761,Cottonwood Dr,Douglas County,US,2664.0,"(39.560249, -104.78289000000001)"
221,7984 W ALAMEDA AVE,LAKEWOOD,80226,39.709471,-105.085183,7984,W Alameda Ave,Jefferson County,US,712.0,"(39.709471, -105.085183)"
222,18211 E HAMPDEN AVE,AURORA,80013,39.655062,-104.776145,18211,E Hampden Ave,Arapahoe County,US,1829.0,"(39.655062, -104.776145)"
223,1891 STATE HWY 7,ERIE,80516,40.002105,-105.01058,1891,Hwy 7,Weld County,US,894.0,"(40.002105, -105.01058)"
224,3620 AUSTIN BLUFFS PKWY,COLORADO SPRINGS,80918,38.892142,-104.761036,3620,Austin Bluffs Pkwy,El Paso County,US,1498.0,"(38.892142, -104.761036)"
225,750 RIDGE RD,CASTLE ROCK,80104,39.375859000000005,-104.827402,750,N Ridge Rd,Douglas County,US,2729.0,"(39.375859000000005, -104.827402)"
226,7915 CONSTITUTION AVE,COLORADO SPRINGS,80951,38.866677,-104.68029399999999,7915,Constitution Ave,El Paso County,US,6428.0,"(38.866677, -104.68029399999999)"
227,100 N 50TH AVE,BRIGHTON,80601,39.988764,-104.750479,100,N 50th Ave,Adams County,US,4191.0,"(39.988764, -104.750479)"
228,14967 CANDELAS PKWY,ARVADA,80007,39.861603,-105.167666,14967,Candelas Pkwy,Jefferson County,US,4434.0,"(39.861603, -105.167666)"
229,3050 S PEORIA ST,AURORA,80014,39.661039,-104.844732,3050,S Peoria St,Arapahoe County,US,2140.0,"(39.661039, -104.844732)"
230,19711 E SMOKY HILL RD,CENTENNIAL,80015,39.615157,-104.758354,19711,E Smoky Hill Rd,Arapahoe County,US,1332.0,"(39.615157, -104.758354)"
231,3100 S SHERIDAN,DENVER,80227,39.654827000000004,-105.052178,3100,S Sheridan Blvd,Denver County,US,544.0,"(39.654827000000004, -105.052178)"
232,3400 YOUNGFIELD ST,WHEAT RIDGE,80033,39.764496,-105.14016799999999,3400,Youngfield St,Jefferson County,US,1011.0,"(39.764496, -105.14016799999999)"
233,9731 W 58TH AVE,ARVADA,80002,39.802965,-105.10656399999999,9731,W 58th Ave,Jefferson County,US,2640.0,"(39.802965, -105.10656399999999)"
234,9731 W 58TH AVE,ARVADA,80002,39.802965,-105.10656399999999,9731,W 58th Ave,Jefferson County,US,2640.0,"(39.802965, -105.10656399999999)"
235,750 E 104TH AVE,THORNTON,80233,39.884036,-104.97609299999999,750,E 104th Ave,Adams County,US,3682.0,"(39.884036, -104.97609299999999)"
236,11747 W KEN CARYL AVE,LITTLETON,80127,39.582159000000004,-105.130816,11747,W Ken Caryl Ave,Jefferson County,US,1771.0,"(39.582159000000004, -105.130816)"
237,6470 E HAMPDEN AVE,DENVER,80222,39.652097,-104.914133,6470,E Hampden Ave,Denver County,US,2274.0,"(39.652097, -104.914133)"
238,9551 S UNIVERSITY BLVD,HIGHLANDS RANCH,80126,39.542286,-104.944251,9551,S University Blvd,Douglas County,US,2687.0,"(39.542286, -104.944251)"
239,6550 LOOKOUT RD,BOULDER,80301,40.071917,-105.201117,6550,Lookout Rd,Boulder County,US,1436.0,"(40.071917, -105.201117)"
240,1155 S HAVANA,AURORA,80012,39.694588,-104.86708300000001,1155,S Havana St,Arapahoe County,US,2765.0,"(39.694588, -104.86708300000001)"
241,1927 S WADSWORTH,LAKEWOOD,80227,39.681614,-105.08193700000001,1927,S Wadsworth Blvd,Jefferson County,US,1057.0,"(39.681614, -105.08193700000001)"
242,3600 TABLE MESA DRIVE,BOULDER,80305,39.984614,-105.251504,3600,Table Mesa Dr,Boulder County,US,2598.0,"(39.984614, -105.251504)"
243,5050 E ARAPAHOE RD,LITTLETON,80122,39.594471,-104.928234,5050,E Arapahoe Rd,Arapahoe County,US,1934.0,"(39.594471, -104.928234)"
244,12043 W ALAMEDA,LAKEWOOD,80228,39.708836,-105.137262,12043,W Alameda Pkwy,Jefferson County,US,1780.0,"(39.708836, -105.137262)"
245,6760 S PIERCE ST,LITTLETON,80128,39.593532,-105.07202099999999,6760,S Pierce St,Jefferson County,US,1333.0,"(39.593532, -105.07202099999999)"
246,102 W 29TH ST,PUEBLO,81008,38.297270000000005,-104.606569,102,W 29th St,Pueblo County,US,878.0,"(38.297270000000005, -104.606569)"
247,253 E 29TH ST,LOVELAND,80538,40.425022999999996,-105.07528500000001,253,E 29th St,Larimer County,US,1843.0,"(40.425022999999996, -105.07528500000001)"
248,12350 W 64TH AVE,ARVADA,80004,39.811468,-105.136429,12350,W 64th Ave,Jefferson County,US,1309.0,"(39.811468, -105.136429)"
249,7575 S UNIVERSITY BLVD,LITTLETON,80122,39.579127,-104.96134199999999,7575,S University Blvd,Arapahoe County,US,650.0,"(39.579127, -104.96134199999999)"
250,17000 E ILIFF AVE,AURORA,80013,39.67179,-104.790188,17000,E Iliff Ave,Arapahoe County,US,771.0,"(39.67179, -104.790188)"
251,15109 E COLFAX AVENUE,AURORA,80011,39.741648,-104.81259399999999,15109,E Colfax Ave,Adams County,US,1904.0,"(39.741648, -104.81259399999999)"
252,9983 WADSWORTH PKWY,BROOMFIELD,80021,39.87661,-105.098183,9983,Wadsworth Pkwy,Jefferson County,US,1949.0,"(39.87661, -105.098183)"
253,815 CHEYENNE MEADOWS,COLORADO SPRINGS,80906,38.777384999999995,-104.81259399999999,815,Cheyenne Meadows Rd,El Paso County,US,2550.0,"(38.777384999999995, -104.81259399999999)"
254,1545 S KIPLING ST,LAKEWOOD,80232,39.689516,-105.11794099999999,1545,State Hwy 391,Jefferson County,US,1011.0,"(39.689516, -105.11794099999999)"
255,1650 30TH ST,BOULDER,80301,40.015713,-105.251834,1650,30th St,Boulder County,US,1415.0,"(40.015713, -105.251834)"
256,8200 S HOLLY,LITTLETON,80122,39.568168,-104.92285600000001,8200,S Holly St,Arapahoe County,US,2030.0,"(39.568168, -104.92285600000001)"
257,3801 E 120TH AVE,THORNTON,80233,39.914751,-104.943351,3801,E 120th Ave,Adams County,US,3270.0,"(39.914751, -104.943351)"
258,4271 S BUCKLEY RD,AURORA,80013,39.639346,-104.793429,4271,S Buckley Rd,Arapahoe County,US,1115.0,"(39.639346, -104.793429)"
259,2750 S COLORADO BLVD,DENVER,80222,39.666726000000004,-104.93688799999998,2750,S Colorado Blvd,Denver County,US,902.0,"(39.666726000000004, -104.93688799999998)"
260,12959 S PARKER RD,PARKER,80134,39.479709,-104.760666,12959,S Parker Rd,Douglas County,US,857.0,"(39.479709, -104.760666)"
261,3570 HARTSEL DR,COLORADO SPRINGS,80920,38.939667,-104.760482,3570,Hartsel Dr,El Paso County,US,1291.0,"(38.939667, -104.760482)"
262,1070 W BAPTIST RD,COLORADO SPRINGS,80921,39.057853,-104.843677,1070,W Baptist Rd,El Paso County,US,4973.0,"(39.057853, -104.843677)"
263,995 S HOVER ST,LONGMONT,80501,40.150579,-105.134101,995,S Hover St,Boulder County,US,2286.0,"(40.150579, -105.134101)"
264,500 E BROMLEY LN,BRIGHTON,80601,39.97213,-104.81668,500,E Bromley Ln,Adams County,US,3038.0,"(39.97213, -104.81668)"
265,18605 GREEN VALLEY RANCH BLVD,DENVER,80249,39.78505,-104.770157,18605,Green Valley Ranch Blvd,Denver County,US,3012.0,"(39.78505, -104.770157)"
266,18605 GREEN VALLEY RANCH BLVD,DENVER,80249,39.78505,-104.770157,18605,Green Valley Ranch Blvd,Denver County,US,3012.0,"(39.78505, -104.770157)"
267,6412 S PARKER RD,AURORA,80016,39.600297,-104.802898,6412,S Parker Rd,Arapahoe County,US,2036.0,"(39.600297, -104.802898)"
268,15200 W 64TH AVE,ARVADA,80007,39.810644,-105.171875,15200,W 64th Ave,Jefferson County,US,2265.0,"(39.810644, -105.171875)"
269,12167 SHERIDAN BLVD,BROOMFIELD,80020,39.916810999999996,-105.05588300000001,12167,Sheridan Blvd,Broomfield County,US,2055.0,"(39.916810999999996, -105.05588300000001)"
270,17031 LINCOLN AVE,PARKER,80134,39.536037,-104.790738,17031,E Lincoln Ave,Douglas County,US,1431.0,"(39.536037, -104.790738)"
271,1150 US HIGHWAY 287,BROOMFIELD,80020,39.933081,-105.08804599999999,1150,US Highway 287,Broomfield County,US,1164.0,"(39.933081, -105.08804599999999)"
272,1725 SHERIDAN BLVD,EDGEWATER,80214,39.744943,-105.05596499999999,1725,Sheridan Blvd,Jefferson County,US,1499.0,"(39.744943, -105.05596499999999)"
273,7284 LAGAE RD,CASTLE ROCK,80108,39.468755,-104.879742,7284,Lagae Rd,Douglas County,US,760.0,"(39.468755, -104.879742)"
274,2810 QUEBEC ST,DENVER,80207,39.7585,-104.90330900000001,2810,Quebec St,Denver County,US,11430.0,"(39.7585, -104.90330900000001)"
275,6000 S HOLLY ST,GREENWOOD VILLAGE,80111,39.607849,-104.92110600000001,6000,S Holly St,Arapahoe County,US,809.0,"(39.607849, -104.92110600000001)"
276,5950 S HOLLY ST,GREENWOOD VILLAGE,80111,39.608072,-104.922299,5950,S Holly St,Arapahoe County,US,809.0,"(39.608072, -104.922299)"
277,2602 S TIMBERLINE RD,FORT COLLINS,80525,40.551406,-105.03802900000001,2602,S Timberline Rd,Larimer County,US,4512.0,"(40.551406, -105.03802900000001)"
278,6030 STETSON HILLS BLVD,COLORADO SPRINGS,80923,38.912109,-104.71633800000001,6030,Stetson Hills Blvd,El Paso County,US,3054.0,"(38.912109, -104.71633800000001)"
279,26301 HILLTOP DR HWY 74,KITTREDGE,80457,39.656994,-105.30053600000001,26301,Hill Top Dr,Jefferson County,US,636.0,"(39.656994, -105.30053600000001)"
280,705 TAUGHENBAUGH,RIFLE,81650,39.522145,-107.77753899999999,705,Taughenbaugh Blvd,Garfield County,US,867.0,"(39.522145, -107.77753899999999)"
281,105 6TH ST,GLENWOOD SPRINGS,81601,39.550517,-107.326691,105,6th St,Garfield County,US,574.0,"(39.550517, -107.326691)"
282,9665 PROMINENT PT,COLORADO SPRINGS,80924,38.97053,-104.741522,9665,Prominent Pt,El Paso County,US,9401.0,"(38.97053, -104.741522)"
283,7375 DURYEA DR,COLORADO SPRINGS,80923,38.939661,-104.728288,7375,Duryea Dr,El Paso County,US,5572.0,"(38.939661, -104.728288)"
284,3025 HANCOCK EXPRESS WAY,COLORADO SPRINGS,80916,38.789619,-104.75488399999999,3025,Hancock Expy,El Paso County,US,1750.0,"(38.789619, -104.75488399999999)"
285,101 RUBY RANCH RD,SILVERTHORNE,80498,39.646054,-106.07951000000001,101,Ruby Rd,Summit County,US,3882.0,"(39.646054, -106.07951000000001)"
286,366 N 71ST AVE,GREELEY,80634,40.436933,-104.792289,366,N 71st Ave,Weld County,US,2635.0,"(40.436933, -104.792289)"
287,30393 KINGS VALLEY DR,CONIFER,80433,39.49176,-105.347862,30393,Kings Valley Dr,Jefferson County,US,888.0,"(39.49176, -105.347862)"
288,13799 PACIFIC CIR,LONGMONT,80504,40.203511999999996,-104.97536799999999,13799,Pacific Cir,Weld County,US,3321.0,"(40.203511999999996, -104.97536799999999)"
289,7027 20TH STREET,GREELEY,80634,40.407415,-104.793585,7027,20th St,Weld County,US,2897.0,"(40.407415, -104.793585)"
290,80 ANGLERS DR,STEAMBOAT SPRINGS,80477,40.467455,-106.828593,80,Anglers Dr,Routt County,US,2017.0,"(40.467455, -106.828593)"
291,2150 E BRIDGE STREET,BRIGHTON,80601,39.986621,-104.79575200000001,2150,E Bridge St,Adams County,US,1660.0,"(39.986621, -104.79575200000001)"
292,8150 6TH STREET,WELLINGTON,80549,40.702952,-104.99954699999999,8150,6th St,Larimer County,US,1404.0,"(40.702952, -104.99954699999999)"
293,308 W AGATE AVE,GRANBY,80446,40.085995000000004,-105.947673,308,W Agate Ave,Grand County,US,1951.0,"(40.085995000000004, -105.947673)"
294,127 LAURA WAY,DACONO,80514,40.086807,-104.974399,127,Laura Way,Weld County,US,898.0,"(40.086807, -104.974399)"
295,1497 E EISENHOWER BLVD,LOVELAND,80537,40.40783,-105.05493200000001,1497,E Eisenhower Blvd,Larimer County,US,1590.0,"(40.40783, -105.05493200000001)"
296,6525 FOUNTAIN MESA RD,COLORADO SPRINGS,80911,38.73702,-104.69479399999999,6525,Fountain Mesa Rd,El Paso County,US,1944.0,"(38.73702, -104.69479399999999)"
297,4901 N CASTLETON DR,CASTLE ROCK,80109,39.409945,-104.872404,4901,N Castleton Dr,Douglas County,US,1585.0,"(39.409945, -104.872404)"
298,243 HWY 5O EAST,AVONDALE,81022,38.102502,-104.529794,243,HWY 50 East,Pueblo County,US,,"(38.102502, -104.529794)"
299,150 W DRAKE ROAD,FORT COLLINS,80525,40.553705,-105.078521,150,W Drake Rd,Larimer County,US,1116.0,"(40.553705, -105.078521)"
300,2419 N ELIZABETH,PUEBLO,81003,38.292301,-104.61532700000001,2419,N Elizabeth St,Pueblo County,US,858.0,"(38.292301, -104.61532700000001)"
301,4800 THATCHER,PUEBLO,81005,38.258036,-104.671615,4800,Thatcher Ave,Pueblo County,US,1076.0,"(38.258036, -104.671615)"
302,6857 SPACE VILLAGE AVE,COLORADO SPRINGS,80915,38.838513,-104.69937,6857,Space Village Ave,El Paso County,US,3134.0,"(38.838513, -104.69937)"
303,1930 S ACADEMY BLVD,COLORADO SPRINGS,80916,38.804190000000006,-104.758827,1930,S Academy Blvd,El Paso County,US,2275.0,"(38.804190000000006, -104.758827)"
304,2405 W NORTHERN AVE,PUEBLO,81004,38.244585,-104.638848,2405,W Northern Ave,Pueblo County,US,2070.0,"(38.244585, -104.638848)"
305,912 ROYAL GORGE BLVD,CANON CITY,81212,38.442194,-105.23431399999998,912,Royal Gorge Blvd,Fremont County,US,916.0,"(38.442194, -105.23431399999998)"
306,137 MANITOU AVE,MANITOU SPRINGS,80829,38.858076000000004,-104.894602,137,Manitou Ave,El Paso County,US,1413.0,"(38.858076000000004, -104.894602)"
307,705 CARSON,LAS ANIMAS,81054,38.064753,-103.22166700000001,705,Carson Ave,Bent County,US,2619.0,"(38.064753, -103.22166700000001)"
308,1525 W 4TH ST,PUEBLO,81004,38.266237,-104.62853100000001,1525,W 4th St,Pueblo County,US,1435.0,"(38.266237, -104.62853100000001)"
309,519 W HWY 24,WOODLAND PARK,80866,38.993137,-105.058904,519,W US 24,Teller County,US,851.0,"(38.993137, -105.058904)"
310,1700 SANTA FE DR,PUEBLO,81006,38.24517,-104.579348,1700,Santa Fe Dr,Pueblo County,US,1213.0,"(38.24517, -104.579348)"
311,506 E MAIN ST,FLORENCE,81226,38.388436999999996,-105.11119199999999,506,E Main St,Fremont County,US,1733.0,"(38.388436999999996, -105.11119199999999)"
312,710 COPPER CENTER PARKWAY,COLORADO SPRINGS,80921,39.021436,-104.813949,710,Copper Center Pkwy,El Paso County,US,4219.0,"(39.021436, -104.813949)"
313,161 NORTHGATE BLVD,COLORADO SPRINGS,80921,39.027336,-104.813946,161,Northgate Estates Dr,El Paso County,US,2462.0,"(39.027336, -104.813946)"
314,102 N RUBEY DR,GOLDEN,80403,39.764485,-105.23292099999999,102,N Rubey Dr,Jefferson County,US,2144.0,"(39.764485, -105.23292099999999)"
315,700 WARNER DR,GOLDEN,80401,39.728535,-105.21030800000001,700,Warner Dr,Jefferson County,US,1930.0,"(39.728535, -105.21030800000001)"
316,8211 6TH ST,WELLINGTON,80549,40.704043,-105.000464,8211,6th St,Larimer County,US,2798.0,"(40.704043, -105.000464)"
317,101 W BRONTOSAURUS BLVD,DINOSAUR,81610,40.245714,-109.008886,101,Brontosaurus Blvd,Moffat County,US,578.0,"(40.245714, -109.008886)"
318,4125 W NORTHERN AVE,PUEBLO,81005,38.233807,-104.666389,4125,W Northern Ave,Pueblo County,US,611.0,"(38.233807, -104.666389)"
319,16355 W 64TH AVE,ARVADA,80007,39.813124,-105.18338200000001,16355,W 64th Ave,Jefferson County,US,3010.0,"(39.813124, -105.18338200000001)"
320,1901 WADSWORTH BLVD,LAKEWOOD,80214,39.74605,-105.08181599999999,1901,Wadsworth Blvd,Jefferson County,US,1410.0,"(39.74605, -105.08181599999999)"
321,0100 WELD CO RD 37,BRIGHTON,80603,40.001979999999996,-104.715825,100,County Rd 37,Weld County,US,3617.0,"(40.001979999999996, -104.715825)"
322,1343 13 ROAD,LOMA,81524,39.256425,-108.78446000000001,1343,13 Road,Mesa County,US,,"(39.256425, -108.78446000000001)"
323,301 E OLIVE ST,LAMAR,81052,38.088454999999996,-102.61652099999999,301,E Olive St,Prowers County,US,1574.0,"(38.088454999999996, -102.61652099999999)"
324,1470 N AIRPORT BLVD,AURORA,80011,39.739563000000004,-104.790255,1470,N Airport Blvd,Arapahoe County,US,1434.0,"(39.739563000000004, -104.790255)"
325,1005 5TH ST,CALHAN,80808,39.036295,-104.30363100000001,1005,5th St,El Paso County,US,1733.0,"(39.036295, -104.30363100000001)"
326,165 N MARKET ST,KEENESBURG,80643,40.111866,-104.521752,165,N Market St,Weld County,US,3025.0,"(40.111866, -104.521752)"
327,1103 E US HWY 50,FRUITA,81521,39.148883000000005,-108.71922099999999,1103,E Hwy 6 And 50,Mesa County,US,4727.0,"(39.148883000000005, -108.71922099999999)"
328,11160 COLORADO BLVD,THORNTON,80233,39.898718,-104.93919299999999,11160,Colorado Blvd,Adams County,US,1187.0,"(39.898718, -104.93919299999999)"
329,21800 E QUINCY AVE,AURORA,80015,39.637916,-104.733473,21800,E Quincy Ave,Arapahoe County,US,3266.0,"(39.637916, -104.733473)"
330,107 LAURA WAY,DACONO,80514,40.086996,-104.97599199999999,107,Laura Ct,Weld County,US,1725.0,"(40.086996, -104.97599199999999)"
331,1020 11TH STREET,GREELEY,80631,40.420916,-104.695599,1020,11th St,Weld County,US,578.0,"(40.420916, -104.695599)"
332,182 S ST VRAIN AVE,ESTES PARK,80517,40.374472,-105.509072,182,S St Vrain Ave,Larimer County,US,2025.0,"(40.374472, -105.509072)"
333,14375 LINCOLN ST,THORNTON,80023,39.956711,-104.98482299999999,14375,Lincoln St,Adams County,US,1687.0,"(39.956711, -104.98482299999999)"
334,2336 LEGACY CIR,ELIZABETH,80107,39.359959,-104.620191,2336,Legacy Cir,Elbert County,US,1764.0,"(39.359959, -104.620191)"
335,4620 W 121ST AVE,BROOMFIELD,80020,39.914708000000005,-105.04663500000001,4620,W 121st Ave,Broomfield County,US,1010.0,"(39.914708000000005, -105.04663500000001)"
336,191 S MCCASLIN BLVD,SUPERIOR,80027,39.96887,-105.16369399999999,191,S McCaslin Blvd,Boulder County,US,1524.0,"(39.96887, -105.16369399999999)"
337,12780 COLORADO BLVD,THORNTON,80241,39.927888,-104.939466,12780,Colorado Blvd,Adams County,US,1990.0,"(39.927888, -104.939466)"
338,290 N HWY 287,LAFAYETTE,80026,40.026334000000006,-105.104899,290,N HWY 287,Boulder County,US,2058.5,"(40.026334000000006, -105.104899)"
339,4400 CHAMBERS RD,DENVER,80239,39.774570000000004,-104.80974,4400,Chambers Rd,Denver County,US,2699.0,"(39.774570000000004, -104.80974)"
340,2274 S OLIVE ST,DENVER,80224,39.675504,-104.907032,2274,S Olive St,Denver County,US,2214.0,"(39.675504, -104.907032)"
341,2995 28TH ST,BOULDER,80301,40.028791,-105.258798,2995,28th St,Boulder County,US,1578.0,"(40.028791, -105.258798)"
342,943 N MURRAY BLVD,COLORADO SPRINGS,80915,38.846795,-104.747652,943,N Murray Blvd,El Paso County,US,1118.0,"(38.846795, -104.747652)"
343,403 E OLIVE ST,LAMAR,81052,38.088515,-102.615185,403,E Olive St,Prowers County,US,1574.0,"(38.088515, -102.615185)"
344,113 ELIZABETH ST,ELIZABETH,80107,39.358156,-104.60824699999999,113,Elizabeth St,Elbert County,US,1764.0,"(39.358156, -104.60824699999999)"
345,5500 ARAPAHOE AVE,BOULDER,80303,40.014312,-105.22501899999999,5500,Arapahoe Ave,Boulder County,US,1721.0,"(40.014312, -105.22501899999999)"
346,14490 E 6TH AVE,AURORA,80011,39.725196999999994,-104.819914,14490,E 6th Ave,Arapahoe County,US,1793.0,"(39.725196999999994, -104.819914)"
347,1301 E MAIN ST,MONTROSE,81401,38.486377000000005,-107.867298,1301,E Main St,Montrose County,US,2887.0,"(38.486377000000005, -107.867298)"
348,101 S MCCULLOCH BLVD,PUEBLO WEST,81007,38.332595,-104.745133,101,S McCulloch Blvd,Pueblo County,US,1522.0,"(38.332595, -104.745133)"
349,"5500 S SIMMS ST
STE A",LITTLETON,80127,39.615165000000005,-105.128293,5500,S Simms St,Jefferson County,US,2306.0,"(39.615165000000005, -105.128293)"
350,599 W LITTLETON BLVD,LITTLETON,80120,39.613684,-104.994624,599,W Littleton Blvd,Arapahoe County,US,1742.0,"(39.613684, -104.994624)"
351,140 HWY 550,RIDGWAY,81432,38.151493,-107.74776499999999,140,Hwy 550,Ouray County,US,898.0,"(38.151493, -107.74776499999999)"
352,210 CRESTWOOD DRIVE,GYPSUM,81637,39.646618,-106.94633600000002,210,Crestwood Dr,Eagle County,US,2823.0,"(39.646618, -106.94633600000002)"
353,4140 S US HIGHWAY 85 87,COLORADO SPRINGS,80911,38.77219,-104.765793,4140,S Highway 85,El Paso County,US,1535.0,"(38.77219, -104.765793)"
354,7735 WADSWORTH BLVD #21,ARVADA,80003,39.837137,-105.083676,7735,Wadsworth Blvd,Jefferson County,US,1531.0,"(39.837137, -105.083676)"
355,910 W CHERRY ST,LOUISVILLE,80027,39.964994,-105.14863799999999,910,W Cherry St,Boulder County,US,1219.0,"(39.964994, -105.14863799999999)"
356,"200 QUEBEC ST
BLDG 400",DENVER,80230,39.720011,-104.90318899999998,200,N Quebec St,Denver County,US,4479.0,"(39.720011, -104.90318899999998)"
357,1200 S BUCKLEY RD,AURORA,80017,39.694918,-104.789523,1200,S Buckley Rd,Arapahoe County,US,2124.0,"(39.694918, -104.789523)"
358,323 S BROADWAY,DENVER,80209,39.710372,-104.98890300000001,323,S Broadway,Denver County,US,1490.0,"(39.710372, -104.98890300000001)"
359,2512 BROADWAY,GRAND JUNCTION,81507,39.06678,-108.588356,2512,Broadway,Mesa County,US,1270.0,"(39.06678, -108.588356)"
360,1121 E 17TH AVENUE,LONGMONT,80504,40.188302,-105.07183799999999,1121,E 17th Ave,Boulder County,US,1976.0,"(40.188302, -105.07183799999999)"
361,451 E WONDER VIEW AVE,ESTES PARK,80517,40.38008,-105.515739,451,E Wonderview Ave,Larimer County,US,1852.0,"(40.38008, -105.515739)"
362,6460 E YALE AVE UNIT 7,DENVER,80222,39.66725,-104.915576,6460,E Yale Ave,Denver County,US,1633.0,"(39.66725, -104.915576)"
363,7561 W 80TH AVE,ARVADA,80003,39.843282,-105.080771,7561,W 80th Ave,Jefferson County,US,629.0,"(39.843282, -105.080771)"
364,9180 W COLFAX,LAKEWOOD,80215,39.739084000000005,-105.09884,9180,W Colfax Ave,Jefferson County,US,1352.0,"(39.739084000000005, -105.09884)"
365,20123 E SMOKY HILL RD,CENTENNIAL,80015,39.611588,-104.753785,20123,E Smoky Hill Rd,Arapahoe County,US,1504.0,"(39.611588, -104.753785)"
366,5025 S KIPLING PKWY,LITTLETON,80127,39.625527000000005,-105.111623,5025,S Kipling Pkwy,Jefferson County,US,1878.0,"(39.625527000000005, -105.111623)"
367,13111 W ALAMEDA PKWY,LAKEWOOD,80228,39.698411,-105.145873,13111,W Alameda Pkwy,Jefferson County,US,1780.0,"(39.698411, -105.145873)"
368,1701 JACKSON ST,GOLDEN,80401,39.752171000000004,-105.215548,1701,Jackson St,Jefferson County,US,1891.0,"(39.752171000000004, -105.215548)"
369,6460 E YALE AVE UNIT 7,DENVER,80222,39.66725,-104.915576,6460,E Yale Ave,Denver County,US,1633.0,"(39.66725, -104.915576)"
370,11051 S PARKER RD,PARKER,80134,39.516079,-104.766473,11051,S Parker Rd,Douglas County,US,1320.0,"(39.516079, -104.766473)"
371,2150 S DOWNING ST,DENVER,80210,39.677566999999996,-104.97238200000001,2150,S Downing St,Denver County,US,1919.0,"(39.677566999999996, -104.97238200000001)"
372,1121 N CIRCLE DR,COLORADO SPRINGS,80909,38.848205,-104.772937,1121,N Circle Dr,El Paso County,US,2178.0,"(38.848205, -104.772937)"
373,3900 WADSWORTH BLVD,WHEAT RIDGE,80033,39.771146,-105.07985500000001,3900,Wadsworth Blvd,Jefferson County,US,897.0,"(39.771146, -105.07985500000001)"
374,220 S ELIZABETH ST,ELIZABETH,80107,39.36027,-104.59692,220,S Elizabeth St,Elbert County,US,1764.0,"(39.36027, -104.59692)"
375,1101 E US HWY 24,WOODLAND PARK,80863,38.982818,-105.046575,1101,E US 24,Teller County,US,1309.0,"(38.982818, -105.046575)"
376,12442 W KEN CARYL AVE,LITTLETON,80127,39.579060999999996,-105.13467800000001,12442,W Ken Caryl Ave,Jefferson County,US,1550.0,"(39.579060999999996, -105.13467800000001)"
377,560 CORONA ST,DENVER,80218,39.724922,-104.973925,560,Corona St,Denver County,US,896.0,"(39.724922, -104.973925)"
378,1601 COALTON RD,SUPERIOR,80027,39.928238,-105.14648000000001,1600,Coalton Rd,Broomfield County,US,2940.0,"(39.928238, -105.14648000000001)"
379,1425 S MURRAY BLVD,COLORADO SPRINGS,80916,38.812556,-104.746799,1425,S Murray Blvd,El Paso County,US,4189.0,"(38.812556, -104.746799)"
380,771 THORNTON PKWY,THORNTON,80229,39.872359,-104.977276,771,E Thornton Pkwy,Adams County,US,1653.0,"(39.872359, -104.977276)"
381,6925 MESA RIDGE PKWY,FOUNTAIN,80817,38.716832000000004,-104.698933,6925,Mesa Ridge Pkwy,El Paso County,US,6229.0,"(38.716832000000004, -104.698933)"
382,757 E 20TH AVE,DENVER,80205,39.748084000000006,-104.977539,757,E 20th Ave,Denver County,US,932.0,"(39.748084000000006, -104.977539)"
383,620 W PLATTE AVE,FORT MORGAN,80701,40.253312,-103.810405,620,W Platte Ave,Morgan County,US,1065.0,"(40.253312, -103.810405)"
384,6220 E 14TH AVE,DENVER,80220,39.73746,-104.915618,6220,E 14th Ave,Denver County,US,1855.0,"(39.73746, -104.915618)"
385,181 W MINERAL,LITTLETON,80120,39.575063,-104.99191299999998,181,W Mineral Ave,Arapahoe County,US,1197.0,"(39.575063, -104.99191299999998)"
386,27152 MAIN ST,CONIFER,80433,39.527324,-105.30339599999999,27152,Main St,Jefferson County,US,643.0,"(39.527324, -105.30339599999999)"
387,860 CLEVELAND AVE,LOVELAND,80537,40.400541,-105.07433600000002,860,Cleveland Ave,Larimer County,US,1364.0,"(40.400541, -105.07433600000002)"
388,1605 E BRIDGE ST,BRIGHTON,80601,39.986942,-104.801955,1605,E Bridge St,Adams County,US,1418.0,"(39.986942, -104.801955)"
389,1500 E MULBERRY ST,FORT COLLINS,80524,40.581858000000004,-105.04980800000001,1500,E Mulberry St,Larimer County,US,2681.0,"(40.581858000000004, -105.04980800000001)"
390,1601 S COLLEGE AVE,FORT COLLINS,80525,40.566773,-105.07740700000001,1601,S College Ave,Larimer County,US,2527.0,"(40.566773, -105.07740700000001)"
391,3531 S SHIELDS,FORT COLLINS,80526,40.538522,-105.096732,3531,S Shields St,Larimer County,US,897.0,"(40.538522, -105.096732)"
392,429 S MASON ST,FORT COLLINS,80524,40.581829,-105.07929299999999,429,S Mason St,Larimer County,US,1882.0,"(40.581829, -105.07929299999999)"
393,"390 S WILCOX ST
STE F",CASTLE ROCK,80104,39.365984999999995,-104.86184899999999,390,S Wilcox St,Douglas County,US,430.0,"(39.365984999999995, -104.86184899999999)"
394,2000 W MISSISSIPPI AVE,DENVER,80223,39.696484999999996,-105.013023,2000,W Mississippi Ave,Denver County,US,1584.0,"(39.696484999999996, -105.013023)"
395,5901 S UNIVERSITY BLVD,LITTLETON,80121,39.609406,-104.960374,5901,S University Blvd,Arapahoe County,US,1176.0,"(39.609406, -104.960374)"
396,5860 S KIPLING,LITTLETON,80127,39.610565,-105.10925,5860,S Kipling Pkwy,Jefferson County,US,732.0,"(39.610565, -105.10925)"
397,1201 BONFORTE BLVD,PUEBLO,81001,38.28986,-104.59578499999999,1201,Bonforte Blvd,Pueblo County,US,1906.0,"(38.28986, -104.59578499999999)"
398,7970 WADSWORTH BLVD,ARVADA,80003,39.840959999999995,-105.081046,7970,Wadsworth Blvd,Jefferson County,US,1491.0,"(39.840959999999995, -105.081046)"
399,3385 S TOWER RD,AURORA,80013,39.655262,-104.773213,3385,S Tower Rd,Arapahoe County,US,1829.0,"(39.655262, -104.773213)"
400,11203 W COLFAX AVE,LAKEWOOD,80215,39.740615000000005,-105.124178,11203,W Colfax Ave,Jefferson County,US,1409.0,"(39.740615000000005, -105.124178)"
401,1037 CONIFER STREET,FORT COLLINS,80524,40.603528000000004,-105.057994,1037,Conifer St,Larimer County,US,1840.0,"(40.603528000000004, -105.057994)"
402,4742 TABLE MESA DR,BOULDER,80305,39.985493,-105.238133,4742,Table Mesa Dr,Boulder County,US,1252.0,"(39.985493, -105.238133)"
403,3925-B EAST 120TH,THORNTON,80233,39.915523,-104.941014,3925,E 120th Ave,Adams County,US,3270.0,"(39.915523, -104.941014)"
404,13700 E ALAMEDA #B,AURORA,80012,39.710815000000004,-104.827938,13700,E Alameda Ave,Arapahoe County,US,3020.0,"(39.710815000000004, -104.827938)"
405,40 E VICTORY WY,CRAIG,81625,40.513837,-107.54616599999999,40,Victory Way E,Moffat County,US,534.0,"(40.513837, -107.54616599999999)"
406,"7705 WADSWORTH BLVD
UNIT H",ARVADA,80003,39.835506,-105.08228600000001,7705,Wadsworth Blvd,Jefferson County,US,1531.0,"(39.835506, -105.08228600000001)"
407,1525 GREENWOOD AVE,CANON CITY,81212,38.448083000000004,-105.226216,1525,Greenwood Ave,Fremont County,US,892.0,"(38.448083000000004, -105.226216)"
408,100 SOCIETY DR,TELLURIDE,81435,37.947986,-107.873065,100,Society Dr,San Miguel County,US,1144.0,"(37.947986, -107.873065)"
409,905 WEISS DR  UNIT A,STEAMBOAT SPRINGS,80487,40.448419,-106.81583799999999,905,Weiss Dr,Routt County,US,1502.0,"(40.448419, -106.81583799999999)"
410,2537 EAGLE DR,PAGOSA SPRINGS,81147,37.268611,-107.052571,2537,Eagle Dr,Archuleta County,US,1221.0,"(37.268611, -107.052571)"
411,20453 HWY 160,DURANGO,81301,37.269335,-107.91229299999999,20453,US Hwy 160,La Plata County,US,1318.0,"(37.269335, -107.91229299999999)"
412,1700 N MAIN ST,LONGMONT,80501,40.188937,-105.101757,1700,Main St,Boulder County,US,614.0,"(40.188937, -105.101757)"
413,15291 E COLFAX AVE,AURORA,80011,39.74049,-104.81054300000001,15291,E Colfax Ave,Adams County,US,1904.0,"(39.74049, -104.81054300000001)"
414,16 KEARNS RD,SNOWMASS VILLAGE,81615,39.211631,-106.945605,16,Kearns Rd,Pitkin County,US,1271.0,"(39.211631, -106.945605)"
415,1580 W 84TH AVENUE,DENVER,80260,39.848766999999995,-105.005674,1580,W 84th Ave,Adams County,US,1745.0,"(39.848766999999995, -105.005674)"
416,508 W BASELINE ROAD,LAFAYETTE,80026,40.000008,-105.096929,508,W Baseline Rd,Boulder County,US,1692.0,"(40.000008, -105.096929)"
417,20800 HWY 160,DURANGO,81303,37.269651,-107.90551299999998,20800,US Hwy 160,La Plata County,US,1034.0,"(37.269651, -107.90551299999998)"
418,9181 SPRUCE MOUNTAIN RD,LARKSPUR,80118,39.228257,-104.88467800000001,9181,Spruce Mountain Rd,Douglas County,US,2616.0,"(39.228257, -104.88467800000001)"
419,4810 LARIMER PARKWAY,JOHNSTOWN,80534,40.406496000000004,-104.97442099999999,4810,Larimer Pkwy,Larimer County,US,8880.0,"(40.406496000000004, -104.97442099999999)"
420,8950 E COLFAX AVE,AURORA,80010,39.739767,-104.88388300000001,8950,E Colfax Ave,Arapahoe County,US,1323.0,"(39.739767, -104.88388300000001)"
421,"18611 GREEN VALLEY RANCH BLVD
UNIT 110",DENVER,80249,39.785065,-104.768242,18611,Green Valley Ranch Blvd,Denver County,US,3012.0,"(39.785065, -104.768242)"
422,9697 MONTVIEW BLVD,AURORA,80010,39.747567,-104.87551,9697,Montview Blvd,Adams County,US,564.0,"(39.747567, -104.87551)"
423,1720 E 112TH AVE,NORTHGLENN,80233,39.899234,-104.965926,1720,E 112th Ave,Adams County,US,4793.0,"(39.899234, -104.965926)"
424,1000 KNOX CT,DENVER,80204,39.73279,-105.032142,1000,Knox Ct,Denver County,US,880.0,"(39.73279, -105.032142)"
425,1442 S PARKER RD,DENVER,80231,39.690463,-104.888939,1442,S Parker Rd,Arapahoe County,US,2012.0,"(39.690463, -104.888939)"
426,2730 S PRAIRIE AVE,PUEBLO,81005,38.2198,-104.641471,2730,S Prairie Ave,Pueblo County,US,1380.0,"(38.2198, -104.641471)"
427,16330 E ARAPAHOE RD,FOXFIELD,80016,39.594369,-104.79862,16330,E Arapahoe Rd,Arapahoe County,US,636.0,"(39.594369, -104.79862)"
428,2024 35TH AVENUE,GREELEY,80634,40.405440000000006,-104.734534,2024,35th Ave,Weld County,US,1157.0,"(40.405440000000006, -104.734534)"
429,401 MAIN,WINDSOR,80550,40.479599,-104.90271499999999,401,Main St,Weld County,US,395.0,"(40.479599, -104.90271499999999)"
430,401 S CIRCLE DR,COLORADO SPRINGS,80910,38.825022,-104.78018399999999,401,S Circle Dr,El Paso County,US,899.0,"(38.825022, -104.78018399999999)"
